{"cameraMode":{"drawMode":0,"name":"Shaded","section":"Shading Mode"},"sceneLighting":false,"audioPlay":false,"sceneViewState":{"showFog":false,"showMaterialUpdate":false,"showSkybox":false,"showFlares":false,"showImageEffects":false,"showParticleSystems":false},"in2DMode":false,"pivot":{"x":-540.3163452148438,"y":349.99029541015627,"z":81.42318725585938},"rotation":{"x":-0.1311534196138382,"y":0.8473163843154907,"z":-0.2457697093486786,"w":-0.4521651268005371},"size":815.4926147460938,"orthographic":false}