{"cameraMode":{"drawMode":0,"name":"Shaded","section":"Shading Mode"},"sceneLighting":false,"audioPlay":false,"sceneViewState":{"showFog":false,"showMaterialUpdate":false,"showSkybox":false,"showFlares":false,"showImageEffects":false,"showParticleSystems":false},"in2DMode":false,"pivot":{"x":2.5052638053894045,"y":1.1026341915130616,"z":-0.858051061630249},"rotation":{"x":0.028926841914653779,"y":0.9569932222366333,"z":-0.26981768012046816,"w":0.1025981530547142},"size":4.564280033111572,"orthographic":false}